<?xml version="1.0" encoding="UTF-8"?>
<project-private xmlns="http://www.netbeans.org/ns/project-private/1">
    <editor-bookmarks xmlns="http://www.netbeans.org/ns/editor-bookmarks/2" lastBookmarkId="0"/>
    <open-files xmlns="http://www.netbeans.org/ns/projectui-open-files/2">
        <group>
            <file>file:/C:/wamp/www/eshop/mobiledesc.php</file>
            <file>file:/C:/wamp/www/eshop/admin/ahome.php</file>
            <file>file:/C:/wamp/www/eshop/mobile.php</file>
            <file>file:/C:/wamp/www/eshop/admin/productdesc.php</file>
            <file>file:/C:/wamp/www/eshop/admin/menu.php</file>
            <file>file:/C:/wamp/www/eshop/login.php</file>
            <file>file:/C:/wamp/www/eshop/usermenu.php</file>
            <file>file:/C:/wamp/www/eshop/signup.php</file>
            <file>file:/C:/wamp/www/eshop/admin/alogin.php</file>
            <file>file:/C:/wamp/www/eshop/home.php</file>
            <file>file:/C:/wamp/www/eshop/header.php</file>
        </group>
    </open-files>
</project-private>
